row,agro_cols,host_cols,agro_seas,climate_cols,type,low_auc,mid_auc,high_auc,runs
12,0,0,1,1,both,0.71285137071659,0.771029872432527,0.829208374148464,200
12,0,0,1,1,human,0.840703929666662,0.863590530719945,0.886477131773228,200
12,0,0,1,1,NHP,0.73496243899471,0.760451730019539,0.785941021044368,200
