row,agro_cols,host_cols,agro_seas,climate_cols,type,low_auc,mid_auc,high_auc,runs
9,1,0,0,1,both,0.794295977563629,0.840931895922997,0.887567814282365,200
9,1,0,0,1,human,0.86543817521183,0.885663123403009,0.905888071594187,200
9,1,0,0,1,NHP,0.738159568192137,0.765523489250223,0.792887410308309,200
