row,agro_cols,host_cols,agro_seas,climate_cols,type,low_auc,mid_auc,high_auc,runs
5,1,0,1,0,both,0.698102500598495,0.766759347113133,0.835416193627771,200
5,1,0,1,0,human,0.795533809141035,0.822847390549158,0.850160971957281,200
5,1,0,1,0,NHP,0.730185381391011,0.760275583015057,0.790365784639102,200
