"row","human_cor","NHP_cor","both_cor"
"OHA",0.986299068726279,0.954182074729877,0.942314138400952
"OHC",0.80227141963231,0.826891946009797,0.80340245426254
"OHAC",0.987425203792096,0.952346015346723,0.969673833977464
