row,agro_cols,host_cols,agro_seas,climate_cols,type,low_auc,mid_auc,high_auc,brier_score,total_brier_score,runs
14,0,1,1,1,both,0.760067785636565,0.80346941086721,0.846827921465094,0.00247226179036535,0.0228034162991072,200
14,0,1,1,1,human,0.908912887339176,0.924771353092866,0.940629818846556,0.00934441579820968,0.0228034162991072,200
14,0,1,1,1,NHP,0.800315743333136,0.823138822009595,0.845961900686054,0.0109867387105322,0.0228034162991072,200
