row,agro_cols,host_cols,agro_seas,climate_cols,type,low_auc,mid_auc,high_auc,runs
2,0,1,0,0,both,0.727426213476536,0.78076798892414,0.834109764371745,200
2,0,1,0,0,human,0.800328846826848,0.823773797531234,0.847218748235621,200
2,0,1,0,0,NHP,0.705459029080249,0.737992583124091,0.770526137167933,200
